{
    "train_accuracy": 0.9535105315947844,
    "test_accuracy": 0.9352056168505517,
    "precision": 0.7904761904761904,
    "recall": 0.5855379188712522,
    "f1_score": 0.6727456940222898,
    "false_positive_rate": 0.019918515165233137,
    "confusion_matrix": {
        "tn": 4330,
        "fp": 88,
        "fn": 235,
        "tp": 332
    }
}